parameterGroup,canonicalKeys,specialtyCategory,whenToConsult,disclaimer,doctorLinkName,doctorLinkUrl,sourceName,sourceUrl
metabolic,glucose_fasting|glucose_pp|hba1c,diabetologist,"Discuss blood sugar and HbA1c trends and how often to repeat the test.","Specialist category suggestion only; not a diagnosis or urgency claim.",MedlinePlus health topics (public/demo directory placeholder),https://medlineplus.gov/,MedlinePlus Lab Tests (demo seed),https://medlineplus.gov/lab-tests/
lipids,ldl|hdl|triglycerides|total_cholesterol,cardiologist,"Discuss cholesterol trends and heart-health follow-up.","Specialist category suggestion only; not a diagnosis or urgency claim.",MedlinePlus health topics (public/demo directory placeholder),https://medlineplus.gov/,MedlinePlus Lab Tests (demo seed),https://medlineplus.gov/lab-tests/
thyroid,tsh,endocrinologist,"Discuss thyroid results and whether repeat testing is useful.","Specialist category suggestion only; not a diagnosis or urgency claim.",MedlinePlus health topics (public/demo directory placeholder),https://medlineplus.gov/,MedlinePlus Lab Tests (demo seed),https://medlineplus.gov/lab-tests/
kidney,creatinine|urea|uric_acid,nephrologist,"Discuss kidney-function markers along with hydration and medication review.","Specialist category suggestion only; not a diagnosis or urgency claim.",MedlinePlus health topics (public/demo directory placeholder),https://medlineplus.gov/,MedlinePlus Lab Tests (demo seed),https://medlineplus.gov/lab-tests/
liver,sgpt_alt|sgot_ast|bilirubin_total|alkaline_phosphatase|albumin|protein_total,hepatologist,"Discuss liver enzyme results along with lifestyle and medication review.","Specialist category suggestion only; not a diagnosis or urgency claim.",MedlinePlus health topics (public/demo directory placeholder),https://medlineplus.gov/,MedlinePlus Lab Tests (demo seed),https://medlineplus.gov/lab-tests/
hematology,hemoglobin|wbc|platelets|hematocrit|rbc_count|mcv|mch|mchc|rdw|esr,hematologist,"Discuss blood count results and whether repeat testing is useful.","Specialist category suggestion only; not a diagnosis or urgency claim.",MedlinePlus health topics (public/demo directory placeholder),https://medlineplus.gov/,MedlinePlus Lab Tests (demo seed),https://medlineplus.gov/lab-tests/
nutrition,vitamin_d|vitamin_b12|iron|ferritin|calcium|magnesium|zinc,nutritionist,"Discuss vitamin and mineral levels together with dietary follow-up.","Specialist category suggestion only; not a diagnosis or urgency claim.",MedlinePlus health topics (public/demo directory placeholder),https://medlineplus.gov/,MedlinePlus Lab Tests (demo seed),https://medlineplus.gov/lab-tests/
electrolytes,sodium|potassium|chloride,general-physician,"Discuss electrolyte balance along with hydration and medication review.","Specialist category suggestion only; not a diagnosis or urgency claim.",MedlinePlus health topics (public/demo directory placeholder),https://medlineplus.gov/,MedlinePlus Lab Tests (demo seed),https://medlineplus.gov/lab-tests/
general,,general-physician,"Start with a general physician who can read the whole report in context.","Specialist category suggestion only; not a diagnosis or urgency claim.",MedlinePlus health topics (public/demo directory placeholder),https://medlineplus.gov/,MedlinePlus Lab Tests (demo seed),https://medlineplus.gov/lab-tests/
